locator_type,mutant,result,failure_cause
hook,mutant_alpha(a)_attribute_identifier_modification.txt,success,"N/A"
hook,mutant_alpha(a)_attribute_removal.txt,success,"N/A"
hook,mutant_alpha(a)_attribute_value_modification.txt,success,"N/A"
hook,mutant_alpha(a)_html_tag_movement_to_root.txt,failure,"Selenium: NoSuchElementException"
hook,mutant_alpha(a)_html_tag_movement_within_container.txt,success,"N/A"
hook,mutant_alpha(a)_html_tag_removal.txt,failure,"Selenium: NoSuchElementException"
hook,mutant_alpha(a)_html_tag_sibling_insertion.txt,success,"N/A"
hook,mutant_alpha(a)_html_tag_type_modification.txt,success,"N/A"
hook,mutant_beta(div)_attribute_identifier_modification.txt,success,"N/A"
hook,mutant_beta(div)_attribute_removal.txt,success,"N/A"
hook,mutant_beta(div)_attribute_value_modification.txt,success,"N/A"
hook,mutant_beta(div)_html_tag_movement_to_root.txt,failure,"Selenium: NoSuchElementException"
hook,mutant_beta(div)_html_tag_movement_within_container.txt,failure,"Selenium: ElementClickInterceptedException"
hook,mutant_beta(div)_html_tag_removal.txt,success,"N/A"
hook,mutant_beta(div)_html_tag_sibling_insertion.txt,success,"N/A"
hook,mutant_beta(div)_html_tag_type_modification.txt,success,"N/A"
hook,mutant_delta_next(a)_attribute_identifier_modification.txt,success,"N/A"
hook,mutant_delta_next(a)_attribute_removal.txt,success,"N/A"
hook,mutant_delta_next(a)_attribute_value_modification.txt,success,"N/A"
hook,mutant_delta_next(a)_html_tag_movement_to_root.txt,failure,"Selenium: NoSuchElementException"
hook,mutant_delta_next(a)_html_tag_movement_within_container.txt,success,"N/A"
hook,mutant_delta_next(a)_html_tag_removal.txt,failure,"Selenium: NoSuchElementException"
hook,mutant_delta_next(a)_html_tag_sibling_insertion.txt,success,"N/A"
hook,mutant_delta_next(a)_html_tag_type_modification.txt,success,"N/A"
hook,mutant_epsilon(nav)_attribute_identifier_modification.txt,success,"N/A"
hook,mutant_epsilon(nav)_attribute_removal.txt,success,"N/A"
hook,mutant_epsilon(nav)_attribute_value_modification.txt,success,"N/A"
hook,mutant_epsilon(nav)_html_tag_removal.txt,failure,"Selenium: NoSuchElementException"
hook,mutant_epsilon(nav)_html_tag_sibling_insertion.txt,success,"N/A"
hook,mutant_epsilon(nav)_html_tag_type_modification.txt,success,"N/A"
hook,mutant_gamma(div)_attribute_identifier_modification.txt,success,"N/A"
hook,mutant_gamma(div)_attribute_removal.txt,success,"N/A"
hook,mutant_gamma(div)_attribute_value_modification.txt,success,"N/A"
hook,mutant_gamma(div)_html_tag_movement_to_root.txt,failure,"Selenium: NoSuchElementException"
hook,mutant_gamma(div)_html_tag_movement_within_container.txt,success,"N/A"
hook,mutant_gamma(div)_html_tag_removal.txt,success,"N/A"
hook,mutant_gamma(div)_html_tag_sibling_insertion.txt,success,"N/A"
hook,mutant_gamma(div)_html_tag_type_modification.txt,success,"N/A"
absolute,mutant_alpha(a)_attribute_identifier_modification.txt,failure,"Selenium: NoSuchElementException"
absolute,mutant_alpha(a)_attribute_removal.txt,failure,"Selenium: NoSuchElementException"
absolute,mutant_alpha(a)_attribute_value_modification.txt,failure,"Selenium: NoSuchElementException"
absolute,mutant_alpha(a)_html_tag_movement_to_root.txt,failure,"Selenium: NoSuchElementException"
absolute,mutant_alpha(a)_html_tag_movement_within_container.txt,failure,"Selenium: NoSuchElementException"
absolute,mutant_alpha(a)_html_tag_removal.txt,failure,"Selenium: NoSuchElementException"
absolute,mutant_alpha(a)_html_tag_sibling_insertion.txt,failure,"Selenium: NoSuchElementException"
absolute,mutant_alpha(a)_html_tag_type_modification.txt,failure,"Selenium: NoSuchElementException"
absolute,mutant_beta(div)_attribute_identifier_modification.txt,failure,"Selenium: NoSuchElementException"
absolute,mutant_beta(div)_attribute_removal.txt,failure,"Selenium: NoSuchElementException"
absolute,mutant_beta(div)_attribute_value_modification.txt,failure,"Selenium: NoSuchElementException"
absolute,mutant_beta(div)_html_tag_movement_to_root.txt,failure,"Selenium: NoSuchElementException"
absolute,mutant_beta(div)_html_tag_movement_within_container.txt,failure,"Selenium: NoSuchElementException"
absolute,mutant_beta(div)_html_tag_removal.txt,failure,"Selenium: NoSuchElementException"
absolute,mutant_beta(div)_html_tag_sibling_insertion.txt,failure,"Selenium: NoSuchElementException"
absolute,mutant_beta(div)_html_tag_type_modification.txt,failure,"Selenium: NoSuchElementException"
absolute,mutant_delta_next(a)_attribute_identifier_modification.txt,failure,"Selenium: NoSuchElementException"
absolute,mutant_delta_next(a)_attribute_removal.txt,failure,"Selenium: NoSuchElementException"
absolute,mutant_delta_next(a)_attribute_value_modification.txt,failure,"Selenium: NoSuchElementException"
absolute,mutant_delta_next(a)_html_tag_movement_to_root.txt,failure,"Selenium: NoSuchElementException"
absolute,mutant_delta_next(a)_html_tag_movement_within_container.txt,failure,"Selenium: NoSuchElementException"
absolute,mutant_delta_next(a)_html_tag_removal.txt,failure,"Selenium: NoSuchElementException"
absolute,mutant_delta_next(a)_html_tag_sibling_insertion.txt,failure,"Selenium: NoSuchElementException"
absolute,mutant_delta_next(a)_html_tag_type_modification.txt,failure,"Selenium: NoSuchElementException"
absolute,mutant_epsilon(nav)_attribute_identifier_modification.txt,failure,"Selenium: NoSuchElementException"
absolute,mutant_epsilon(nav)_attribute_removal.txt,failure,"Selenium: NoSuchElementException"
absolute,mutant_epsilon(nav)_attribute_value_modification.txt,failure,"Selenium: NoSuchElementException"
absolute,mutant_epsilon(nav)_html_tag_removal.txt,failure,"Selenium: NoSuchElementException"
absolute,mutant_epsilon(nav)_html_tag_sibling_insertion.txt,failure,"Selenium: NoSuchElementException"
absolute,mutant_epsilon(nav)_html_tag_type_modification.txt,failure,"Selenium: NoSuchElementException"
absolute,mutant_gamma(div)_attribute_identifier_modification.txt,failure,"Selenium: NoSuchElementException"
absolute,mutant_gamma(div)_attribute_removal.txt,failure,"Selenium: NoSuchElementException"
absolute,mutant_gamma(div)_attribute_value_modification.txt,failure,"Selenium: NoSuchElementException"
absolute,mutant_gamma(div)_html_tag_movement_to_root.txt,failure,"Selenium: NoSuchElementException"
absolute,mutant_gamma(div)_html_tag_movement_within_container.txt,failure,"Selenium: NoSuchElementException"
absolute,mutant_gamma(div)_html_tag_removal.txt,failure,"Selenium: NoSuchElementException"
absolute,mutant_gamma(div)_html_tag_sibling_insertion.txt,failure,"Selenium: NoSuchElementException"
absolute,mutant_gamma(div)_html_tag_type_modification.txt,failure,"Selenium: NoSuchElementException"
relative,mutant_alpha(a)_attribute_identifier_modification.txt,success,"N/A"
relative,mutant_alpha(a)_attribute_removal.txt,success,"N/A"
relative,mutant_alpha(a)_attribute_value_modification.txt,success,"N/A"
relative,mutant_alpha(a)_html_tag_movement_to_root.txt,failure,"Selenium: NoSuchElementException"
relative,mutant_alpha(a)_html_tag_movement_within_container.txt,failure,"Selenium: NoSuchElementException"
relative,mutant_alpha(a)_html_tag_removal.txt,failure,"Selenium: NoSuchElementException"
relative,mutant_alpha(a)_html_tag_sibling_insertion.txt,success,"N/A"
relative,mutant_alpha(a)_html_tag_type_modification.txt,failure,"Selenium: NoSuchElementException"
relative,mutant_beta(div)_attribute_identifier_modification.txt,success,"N/A"
relative,mutant_beta(div)_attribute_removal.txt,success,"N/A"
relative,mutant_beta(div)_attribute_value_modification.txt,success,"N/A"
relative,mutant_beta(div)_html_tag_movement_to_root.txt,success,"N/A"
relative,mutant_beta(div)_html_tag_movement_within_container.txt,failure,"Selenium: ElementClickInterceptedException"
relative,mutant_beta(div)_html_tag_removal.txt,success,"N/A"
relative,mutant_beta(div)_html_tag_sibling_insertion.txt,success,"N/A"
relative,mutant_beta(div)_html_tag_type_modification.txt,success,"N/A"
relative,mutant_delta_next(a)_attribute_identifier_modification.txt,success,"N/A"
relative,mutant_delta_next(a)_attribute_removal.txt,success,"N/A"
relative,mutant_delta_next(a)_attribute_value_modification.txt,success,"N/A"
relative,mutant_delta_next(a)_html_tag_movement_to_root.txt,failure,"Selenium: NoSuchElementException"
relative,mutant_delta_next(a)_html_tag_movement_within_container.txt,failure,"Selenium: NoSuchElementException"
relative,mutant_delta_next(a)_html_tag_removal.txt,failure,"Selenium: NoSuchElementException"
relative,mutant_delta_next(a)_html_tag_sibling_insertion.txt,success,"N/A"
relative,mutant_delta_next(a)_html_tag_type_modification.txt,failure,"Selenium: NoSuchElementException"
relative,mutant_epsilon(nav)_attribute_identifier_modification.txt,success,"N/A"
relative,mutant_epsilon(nav)_attribute_removal.txt,success,"N/A"
relative,mutant_epsilon(nav)_attribute_value_modification.txt,success,"N/A"
relative,mutant_epsilon(nav)_html_tag_removal.txt,success,"N/A"
relative,mutant_epsilon(nav)_html_tag_sibling_insertion.txt,success,"N/A"
relative,mutant_epsilon(nav)_html_tag_type_modification.txt,success,"N/A"
relative,mutant_gamma(div)_attribute_identifier_modification.txt,success,"N/A"
relative,mutant_gamma(div)_attribute_removal.txt,success,"N/A"
relative,mutant_gamma(div)_attribute_value_modification.txt,success,"N/A"
relative,mutant_gamma(div)_html_tag_movement_to_root.txt,success,"N/A"
relative,mutant_gamma(div)_html_tag_movement_within_container.txt,success,"N/A"
relative,mutant_gamma(div)_html_tag_removal.txt,success,"N/A"
relative,mutant_gamma(div)_html_tag_sibling_insertion.txt,success,"N/A"
relative,mutant_gamma(div)_html_tag_type_modification.txt,success,"N/A"
robula,mutant_alpha(a)_attribute_identifier_modification.txt,success,"N/A"
robula,mutant_alpha(a)_attribute_removal.txt,success,"N/A"
robula,mutant_alpha(a)_attribute_value_modification.txt,success,"N/A"
robula,mutant_alpha(a)_html_tag_movement_to_root.txt,success,"N/A"
robula,mutant_alpha(a)_html_tag_movement_within_container.txt,success,"N/A"
robula,mutant_alpha(a)_html_tag_removal.txt,failure,"Selenium: NoSuchElementException"
robula,mutant_alpha(a)_html_tag_sibling_insertion.txt,success,"N/A"
robula,mutant_alpha(a)_html_tag_type_modification.txt,failure,"Selenium: NoSuchElementException"
robula,mutant_beta(div)_attribute_identifier_modification.txt,success,"N/A"
robula,mutant_beta(div)_attribute_removal.txt,success,"N/A"
robula,mutant_beta(div)_attribute_value_modification.txt,success,"N/A"
robula,mutant_beta(div)_html_tag_movement_to_root.txt,success,"N/A"
robula,mutant_beta(div)_html_tag_movement_within_container.txt,failure,"Selenium: ElementClickInterceptedException"
robula,mutant_beta(div)_html_tag_removal.txt,success,"N/A"
robula,mutant_beta(div)_html_tag_sibling_insertion.txt,success,"N/A"
robula,mutant_beta(div)_html_tag_type_modification.txt,success,"N/A"
robula,mutant_delta_next(a)_attribute_identifier_modification.txt,success,"N/A"
robula,mutant_delta_next(a)_attribute_removal.txt,success,"N/A"
robula,mutant_delta_next(a)_attribute_value_modification.txt,success,"N/A"
robula,mutant_delta_next(a)_html_tag_movement_to_root.txt,success,"N/A"
robula,mutant_delta_next(a)_html_tag_movement_within_container.txt,success,"N/A"
robula,mutant_delta_next(a)_html_tag_removal.txt,failure,"Selenium: NoSuchElementException"
robula,mutant_delta_next(a)_html_tag_sibling_insertion.txt,success,"N/A"
robula,mutant_delta_next(a)_html_tag_type_modification.txt,failure,"Selenium: NoSuchElementException"
robula,mutant_epsilon(nav)_attribute_identifier_modification.txt,success,"N/A"
robula,mutant_epsilon(nav)_attribute_removal.txt,success,"N/A"
robula,mutant_epsilon(nav)_attribute_value_modification.txt,success,"N/A"
robula,mutant_epsilon(nav)_html_tag_removal.txt,success,"N/A"
robula,mutant_epsilon(nav)_html_tag_sibling_insertion.txt,success,"N/A"
robula,mutant_epsilon(nav)_html_tag_type_modification.txt,success,"N/A"
robula,mutant_gamma(div)_attribute_identifier_modification.txt,success,"N/A"
robula,mutant_gamma(div)_attribute_removal.txt,success,"N/A"
robula,mutant_gamma(div)_attribute_value_modification.txt,success,"N/A"
robula,mutant_gamma(div)_html_tag_movement_to_root.txt,success,"N/A"
robula,mutant_gamma(div)_html_tag_movement_within_container.txt,success,"N/A"
robula,mutant_gamma(div)_html_tag_removal.txt,success,"N/A"
robula,mutant_gamma(div)_html_tag_sibling_insertion.txt,success,"N/A"
robula,mutant_gamma(div)_html_tag_type_modification.txt,success,"N/A"
selenium,mutant_alpha(a)_attribute_identifier_modification.txt,success,"N/A"
selenium,mutant_alpha(a)_attribute_removal.txt,success,"N/A"
selenium,mutant_alpha(a)_attribute_value_modification.txt,success,"N/A"
selenium,mutant_alpha(a)_html_tag_movement_to_root.txt,failure,"Selenium: NoSuchElementException"
selenium,mutant_alpha(a)_html_tag_movement_within_container.txt,failure,"Selenium: NoSuchElementException"
selenium,mutant_alpha(a)_html_tag_removal.txt,failure,"Selenium: NoSuchElementException"
selenium,mutant_alpha(a)_html_tag_sibling_insertion.txt,success,"N/A"
selenium,mutant_alpha(a)_html_tag_type_modification.txt,failure,"Selenium: NoSuchElementException"
selenium,mutant_beta(div)_attribute_identifier_modification.txt,success,"N/A"
selenium,mutant_beta(div)_attribute_removal.txt,success,"N/A"
selenium,mutant_beta(div)_attribute_value_modification.txt,success,"N/A"
selenium,mutant_beta(div)_html_tag_movement_to_root.txt,success,"N/A"
selenium,mutant_beta(div)_html_tag_movement_within_container.txt,failure,"Selenium: ElementClickInterceptedException"
selenium,mutant_beta(div)_html_tag_removal.txt,success,"N/A"
selenium,mutant_beta(div)_html_tag_sibling_insertion.txt,success,"N/A"
selenium,mutant_beta(div)_html_tag_type_modification.txt,success,"N/A"
selenium,mutant_delta_next(a)_attribute_identifier_modification.txt,success,"N/A"
selenium,mutant_delta_next(a)_attribute_removal.txt,success,"N/A"
selenium,mutant_delta_next(a)_attribute_value_modification.txt,success,"N/A"
selenium,mutant_delta_next(a)_html_tag_movement_to_root.txt,failure,"Selenium: NoSuchElementException"
selenium,mutant_delta_next(a)_html_tag_movement_within_container.txt,failure,"Selenium: NoSuchElementException"
selenium,mutant_delta_next(a)_html_tag_removal.txt,failure,"Selenium: NoSuchElementException"
selenium,mutant_delta_next(a)_html_tag_sibling_insertion.txt,success,"N/A"
selenium,mutant_delta_next(a)_html_tag_type_modification.txt,failure,"Selenium: NoSuchElementException"
selenium,mutant_epsilon(nav)_attribute_identifier_modification.txt,success,"N/A"
selenium,mutant_epsilon(nav)_attribute_removal.txt,success,"N/A"
selenium,mutant_epsilon(nav)_attribute_value_modification.txt,success,"N/A"
selenium,mutant_epsilon(nav)_html_tag_removal.txt,success,"N/A"
selenium,mutant_epsilon(nav)_html_tag_sibling_insertion.txt,success,"N/A"
selenium,mutant_epsilon(nav)_html_tag_type_modification.txt,success,"N/A"
selenium,mutant_gamma(div)_attribute_identifier_modification.txt,success,"N/A"
selenium,mutant_gamma(div)_attribute_removal.txt,success,"N/A"
selenium,mutant_gamma(div)_attribute_value_modification.txt,success,"N/A"
selenium,mutant_gamma(div)_html_tag_movement_to_root.txt,success,"N/A"
selenium,mutant_gamma(div)_html_tag_movement_within_container.txt,success,"N/A"
selenium,mutant_gamma(div)_html_tag_removal.txt,success,"N/A"
selenium,mutant_gamma(div)_html_tag_sibling_insertion.txt,success,"N/A"
selenium,mutant_gamma(div)_html_tag_type_modification.txt,success,"N/A"
katalon,mutant_alpha(a)_attribute_identifier_modification.txt,success,"N/A"
katalon,mutant_alpha(a)_attribute_removal.txt,success,"N/A"
katalon,mutant_alpha(a)_attribute_value_modification.txt,success,"N/A"
katalon,mutant_alpha(a)_html_tag_movement_to_root.txt,success,"N/A"
katalon,mutant_alpha(a)_html_tag_movement_within_container.txt,success,"N/A"
katalon,mutant_alpha(a)_html_tag_removal.txt,failure,"Selenium: NoSuchElementException"
katalon,mutant_alpha(a)_html_tag_sibling_insertion.txt,success,"N/A"
katalon,mutant_alpha(a)_html_tag_type_modification.txt,failure,"Selenium: NoSuchElementException"
katalon,mutant_beta(div)_attribute_identifier_modification.txt,success,"N/A"
katalon,mutant_beta(div)_attribute_removal.txt,success,"N/A"
katalon,mutant_beta(div)_attribute_value_modification.txt,success,"N/A"
katalon,mutant_beta(div)_html_tag_movement_to_root.txt,success,"N/A"
katalon,mutant_beta(div)_html_tag_movement_within_container.txt,failure,"Selenium: ElementClickInterceptedException"
katalon,mutant_beta(div)_html_tag_removal.txt,success,"N/A"
katalon,mutant_beta(div)_html_tag_sibling_insertion.txt,success,"N/A"
katalon,mutant_beta(div)_html_tag_type_modification.txt,success,"N/A"
katalon,mutant_delta_next(a)_attribute_identifier_modification.txt,success,"N/A"
katalon,mutant_delta_next(a)_attribute_removal.txt,success,"N/A"
katalon,mutant_delta_next(a)_attribute_value_modification.txt,success,"N/A"
katalon,mutant_delta_next(a)_html_tag_movement_to_root.txt,success,"N/A"
katalon,mutant_delta_next(a)_html_tag_movement_within_container.txt,success,"N/A"
katalon,mutant_delta_next(a)_html_tag_removal.txt,failure,"Selenium: NoSuchElementException"
katalon,mutant_delta_next(a)_html_tag_sibling_insertion.txt,success,"N/A"
katalon,mutant_delta_next(a)_html_tag_type_modification.txt,failure,"Selenium: NoSuchElementException"
katalon,mutant_epsilon(nav)_attribute_identifier_modification.txt,success,"N/A"
katalon,mutant_epsilon(nav)_attribute_removal.txt,success,"N/A"
katalon,mutant_epsilon(nav)_attribute_value_modification.txt,success,"N/A"
katalon,mutant_epsilon(nav)_html_tag_removal.txt,success,"N/A"
katalon,mutant_epsilon(nav)_html_tag_sibling_insertion.txt,success,"N/A"
katalon,mutant_epsilon(nav)_html_tag_type_modification.txt,success,"N/A"
katalon,mutant_gamma(div)_attribute_identifier_modification.txt,success,"N/A"
katalon,mutant_gamma(div)_attribute_removal.txt,success,"N/A"
katalon,mutant_gamma(div)_attribute_value_modification.txt,success,"N/A"
katalon,mutant_gamma(div)_html_tag_movement_to_root.txt,success,"N/A"
katalon,mutant_gamma(div)_html_tag_movement_within_container.txt,success,"N/A"
katalon,mutant_gamma(div)_html_tag_removal.txt,success,"N/A"
katalon,mutant_gamma(div)_html_tag_sibling_insertion.txt,success,"N/A"
katalon,mutant_gamma(div)_html_tag_type_modification.txt,success,"N/A"
